﻿<?xml version="1.0" encoding="utf-8"?>
<BatchParameters>
  <!-- DDL / DML -->
  <File FileName="BEBD-139 - Drop_Solr_Unused_Objects.sql" />
  <File FileName="BEBD-139 - Create_Queues_Schema.sql" />
  <File FileName="BEBD-139 - Insert_New_GenericKeyType_ThirdParty.sql" />
  <File FileName="BEBD-139 - Insert_Control_Table_Solr_Switch.sql" />
  <File FileName="BEBD-139 - Create_Index_OfferRole_Table.sql" />
  <File FileName="BEBD-139 - Recreate_Aggregates.sql" />
  <File FileName="BEBD-139 - Rename_Column_Names.sql" />
  
  <!-- Functions -->
  <File FileName="dbo.fConvertXMLtoJSON.sql" />
  <File FileName="dbo.fJsonEscapeCharacterHandler.sql" />
  <File FileName="dbo.fGetFormattedAddressDelimited.sql" />
  <!-- Tables -->
  <File FileName="template.SolrIndexUpdate.sql" />
  <!-- Procs -->
  <File FileName="solr.pSolrIndexQueueDetermine.sql" />
  <File FileName="solr.pClientExtract.sql" />
  <File FileName="solr.pThirdPartyInvoiceExtract.sql" />
  <File FileName="solr.pThirdPartyAttorneyDetail.sql" />
  <File FileName="solr.pThirdPartyValuerDetail.sql" />
  <File FileName="solr.pTaskExtract.sql" />
  <File FileName="solr.pThirdPartyExtract.sql" />  
  <File FileName="solr.pExecuteSolrImportActiveWorkFlowCases.sql" />
  <File FileName="solr.pExecuteSolrFullImport.sql" />
  <File FileName="queues.pCreateServiceBrokerQueue.sql" />
  
    <!-- DDL / DML -->
  <File FileName="BEBD-139 - Create_Queues.sql" />
  <File FileName="BEBD-139 - Security.sql" />
  
  <!-- Triggers -->
  <File FileName="dbo.ti_Valuator.sql" />
  <File FileName="dbo.tu_Valuator.sql" />
  <File FileName="X2.ti_Instance.sql" />
  <File FileName="X2.tu_Instance.sql" />
  <File FileName="X2.ti_WorkList.sql" />
  <File FileName="X2.tu_WorkList.sql" />
  <File FileName="dbo.ti_ThirdPartyInvoice.sql" />
  <File FileName="dbo.tu_ThirdPartyInvoice.sql" />
  <File FileName="dbo.ti_Attorney_Audit.sql" />
  <File FileName="dbo.tu_Attorney_Audit.sql" />
  <File FileName="dbo.ti_ForeclosureAttorneyDetailTypeMapping.sql" />
  <File FileName="dbo.tu_ForeclosureAttorneyDetailTypeMapping.sql" />
  <File FileName="dbo.ti_Detail.sql" />
  <File FileName="dbo.tu_Detail.sql" />
  <File FileName="dbo.ti_OfferRole_Audit.sql" />
  <File FileName="dbo.tu_OfferRole_Audit.sql" />
  <File FileName="dbo.ti_LegalEntityAddress.sql" />
  <File FileName="dbo.tu_LegalEntityAddress.sql" />
  <File FileName="projection.tu_CurrentlyAssignedUserForInstance.sql" />
  <File FileName="dbo.tu_eFolder.sql" />
  <File FileName="dbo.tu_Account.sql" />
  <File FileName="dbo.ti_OfferMortgageLoan_Audit.sql" />
  <File FileName="dbo.tu_LegalEntity.sql" />
  <File FileName="dbo.tu_Address.sql" />
</BatchParameters>